<application>
  <component name="ProjectJdkTable">
    <jdk version="2">
      <name value="Python 3.8" />
      <type value="Python SDK" />
      <version value="Python 3.8.0a3" />
      <homePath value="/usr/bin/python3.8" />
      <roots>
        <classPath>
          <root type="composite">
            <root url="file:///usr/lib/python3.8" type="simple" />
            <root url="file:///usr/lib/python3.8/lib-dynload" type="simple" />
            <root url="file://$USER_HOME$/.local/lib/python3.8/site-packages" type="simple" />
            <root url="file:///usr/local/lib/python3.8/dist-packages" type="simple" />
            <root url="file:///usr/lib/python3/dist-packages" type="simple" />
            <root url="file://$USER_HOME$/.PyCharmCE2019.2/system/python_stubs/-1247971761" type="simple" />
            <root url="file://$APPLICATION_HOME_DIR$/helpers/python-skeletons" type="simple" />
            <root url="file://$APPLICATION_HOME_DIR$/helpers/typeshed/stdlib/3" type="simple" />
            <root url="file://$APPLICATION_HOME_DIR$/helpers/typeshed/stdlib/2and3" type="simple" />
            <root url="file://$APPLICATION_HOME_DIR$/helpers/typeshed/third_party/3" type="simple" />
            <root url="file://$APPLICATION_HOME_DIR$/helpers/typeshed/third_party/2and3" type="simple" />
          </root>
        </classPath>
        <sourcePath>
          <root type="composite" />
        </sourcePath>
      </roots>
      <additional />
    </jdk>
    <jdk version="2">
      <name value="Python 3.7 (py3.7_ue)" />
      <type value="Python SDK" />
      <version value="Python 3.7.3" />
      <homePath value="/usr/bin/python3" />
      <roots>
        <classPath>
          <root type="composite">
            <root url="file:///usr/lib/python3.7" type="simple" />
            <root url="file:///usr/lib/python3.7/lib-dynload" type="simple" />
            <root url="file:///usr/local/lib/python3.7/dist-packages" type="simple" />
            <root url="file:///usr/lib/python3/dist-packages" type="simple" />
            <root url="file://$USER_HOME$/.PyCharmCE2019.2/system/python_stubs/-2066100795" type="simple" />
            <root url="file://$APPLICATION_HOME_DIR$/helpers/python-skeletons" type="simple" />
            <root url="file://$APPLICATION_HOME_DIR$/helpers/typeshed/stdlib/3" type="simple" />
            <root url="file://$APPLICATION_HOME_DIR$/helpers/typeshed/stdlib/2and3" type="simple" />
            <root url="file://$APPLICATION_HOME_DIR$/helpers/typeshed/third_party/3" type="simple" />
            <root url="file://$APPLICATION_HOME_DIR$/helpers/typeshed/third_party/2and3" type="simple" />
          </root>
        </classPath>
        <sourcePath>
          <root type="composite" />
        </sourcePath>
      </roots>
      <additional ASSOCIATED_PROJECT_PATH="$USER_HOME$/ue/py3.7_ue" />
    </jdk>
    <jdk version="2">
      <name value="Python 3.8 (2)" />
      <type value="Python SDK" />
      <version value="Python 3.8.0a3" />
      <homePath value="/usr/bin/python3.8" />
      <roots>
        <classPath>
          <root type="composite">
            <root url="file:///usr/lib/python3.8" type="simple" />
            <root url="file:///usr/lib/python3.8/lib-dynload" type="simple" />
            <root url="file://$USER_HOME$/.local/lib/python3.8/site-packages" type="simple" />
            <root url="file:///usr/lib/python3/dist-packages" type="simple" />
            <root url="file://$USER_HOME$/.PyCharmCE2019.2/system/python_stubs/-1247971761" type="simple" />
            <root url="file://$APPLICATION_HOME_DIR$/helpers/python-skeletons" type="simple" />
            <root url="file://$APPLICATION_HOME_DIR$/helpers/typeshed/stdlib/3" type="simple" />
            <root url="file://$APPLICATION_HOME_DIR$/helpers/typeshed/stdlib/2and3" type="simple" />
            <root url="file://$APPLICATION_HOME_DIR$/helpers/typeshed/third_party/3" type="simple" />
            <root url="file://$APPLICATION_HOME_DIR$/helpers/typeshed/third_party/2and3" type="simple" />
          </root>
        </classPath>
        <sourcePath>
          <root type="composite" />
        </sourcePath>
      </roots>
      <additional />
    </jdk>
  </component>
</application>